{
  "params": {
    "H0": 67.4,
    "Omega_m": 0.315,
    "r_s": 147.0,
    "Omega_s0": 0.02,
    "Omega_Lambda_derived": 0.665,
    "z_t": 0.3,
    "w_t": 0.3
  },
  "metrics": {
    "zt": 0.3,
    "chi2_hz": 27.013567790037577,
    "chi2_bao": 31.08419419995016,
    "chi2_total": 58.09776198998774
  }
}