{
  "params": {
    "H0": 67.4,
    "Omega_m": 0.315,
    "r_s": 147.0,
    "Omega_s0": 0.02,
    "Omega_Lambda_derived": 0.665,
    "z_t": 0.9,
    "w_t": 0.3
  },
  "metrics": {
    "zt": 0.9,
    "chi2_hz": 27.37637920269601,
    "chi2_bao": 35.597821024055186,
    "chi2_total": 62.974200226751194
  }
}