{
  "params": {
    "H0": 67.4,
    "Omega_m": 0.315,
    "r_s": 147.0,
    "Omega_s0": 0.02,
    "Omega_Lambda_derived": 0.665,
    "z_t": 0.5,
    "w_t": 0.3
  },
  "metrics": {
    "zt": 0.5,
    "chi2_hz": 27.074964924885276,
    "chi2_bao": 32.39922181372451,
    "chi2_total": 59.47418673860979
  }
}