{
  "params": {
    "H0": 67.4,
    "Omega_m": 0.315,
    "r_s": 147.0,
    "Omega_s0": 0.02,
    "Omega_Lambda_derived": 0.665,
    "z_t": 0.7,
    "w_t": 0.3
  },
  "metrics": {
    "zt": 0.7,
    "chi2_hz": 27.20205336436907,
    "chi2_bao": 34.001749921052394,
    "chi2_total": 61.203803285421465
  }
}