{
  "params": {
    "H0": 67.4,
    "Omega_m": 0.315,
    "r_s": 147.0,
    "Omega_s0": 0.02,
    "Omega_Lambda_derived": 0.665,
    "z_t": 1.8,
    "w_t": 0.3
  },
  "metrics": {
    "zt": 1.8,
    "chi2_hz": 27.183012793991026,
    "chi2_bao": 37.421253817104414,
    "chi2_total": 64.60426661109544
  }
}