{
  "params": {
    "H0": 67.4,
    "Omega_m": 0.315,
    "r_s": 147.0,
    "Omega_s0": 0.02,
    "Omega_Lambda_derived": 0.665,
    "z_t": 1.0,
    "w_t": 0.3
  },
  "metrics": {
    "zt": 1.0,
    "chi2_hz": 27.465057877292747,
    "chi2_bao": 36.2927073454412,
    "chi2_total": 63.75776522273395
  }
}