{
  "params": {
    "H0": 67.4,
    "Omega_m": 0.315,
    "r_s": 147.0,
    "Omega_s0": 0.02,
    "Omega_Lambda_derived": 0.665,
    "z_t": 2.0,
    "w_t": 0.3
  },
  "metrics": {
    "zt": 2.0,
    "chi2_hz": 26.606326770114986,
    "chi2_bao": 36.45960835185658,
    "chi2_total": 63.06593512197156
  }
}