{
  "chi2_lcdm": 25.654091158296428,
  "chi2_rll": 25.84226142908746,
  "delta": -0.18817027079103354,
  "claim_boundary": "comparison metric only; no superiority claim without predefined real-data thresholds"
}
