z,fs8,sigma
0.1,0.45113620812667826,0.04663754361047504
0.3,0.5236401342110976,0.03191451768312526
0.5,0.5798772063385302,0.054828935159777464
0.8,0.690876328757008,0.048949931973661945
1.0,0.7142303690751134,0.052742632202561215
1.5,0.7578168892061887,0.04063577904389605
2.0,0.7898187966975955,0.059120940731847094
