z,fs8,sigma
0.1,0.4745823267331968,0.05986500850303178
0.3,0.5457400611792953,0.05377985757641259
0.5,0.5900872490742758,0.04866537688323488
0.8,0.5146477873518146,0.059668804430456544
1.0,0.6753155423377455,0.036459260947067966
1.5,0.7393570365819297,0.03480636101573534
2.0,0.769829710536242,0.04837618812819092
