z,Hz,sigma
0.1,71.30128413854062,4.250190933209334
0.2,74.29198848265396,4.794427601939151
0.4,88.62204536320611,4.551371380490387
0.6,98.44827902882437,3.4504143799811837
0.8,109.93791261446809,3.600332569822451
1.0,118.83068676491648,4.747106890792524
1.5,162.38885793119368,3.0105306091311492
2.0,210.88147270741632,4.642456836765533
