z,Hz,sigma
0.1,73.31684563349478,4.547912097111927
0.2,73.95891350999347,3.877756879504105
0.4,90.54088474360397,4.7171958398227645
0.6,100.63506122818399,4.394736058118728
0.8,109.7689155451122,3.188354695775299
1.0,128.82896508692517,4.951244703273511
1.5,164.59112930772721,4.522279403980706
2.0,203.72476198429675,4.572128610553907
