block,duration_seconds
load,0.0030438480000043455
fit,55.229750257999996
write,0.006250948999991124
