parameter,H0,Ol,Om,alpha,beta,gamma,sigma8,width,z_peak
H0,1.0,0.9863481248170806,0.9984203246328707,0.9870798904060015,0.9983069682049659,0.9831217376484166,-0.9961992521281585,0.9896721872996599,-0.9965057411779003
Ol,0.9863481248170806,1.0,0.9755376836050129,0.9870036026409161,0.9942563564172137,0.983302701888912,-0.9962179251142691,0.9898138661794552,-0.9965384877979492
Om,0.9984203246328707,0.9755376836050129,1.0,0.9809488743980731,0.9934619439014356,0.9769276378869747,-0.9899789526643675,0.9834506322124859,-0.9902787280840571
alpha,0.9870798904060015,0.9870036026409161,0.9809488743980731,1.0,0.990183133257565,0.9546082553199003,-0.9938315610765622,0.9674899121284807,-0.9918716545264148
beta,0.9983069682049659,0.9942563564172137,0.9934619439014356,0.990183133257565,1.0,0.9862125366143636,-0.9993311649935173,0.9927835799746393,-0.9996386176025028
gamma,0.9831217376484166,0.983302701888912,0.9769276378869747,0.9546082553199003,0.9862125366143636,1.0,-0.9817529763185509,0.9989065740066148,-0.9847498160459353
sigma8,-0.9961992521281585,-0.9962179251142691,-0.9899789526643675,-0.9938315610765622,-0.9993311649935173,-0.9817529763185509,1.0,-0.9895697060099733,0.9998645441817586
width,0.9896721872996599,0.9898138661794552,0.9834506322124859,0.9674899121284807,0.9927835799746393,0.9989065740066148,-0.9895697060099733,1.0,-0.9918066380485134
z_peak,-0.9965057411779003,-0.9965384877979492,-0.9902787280840571,-0.9918716545264148,-0.9996386176025028,-0.9847498160459353,0.9998645441817586,-0.9918066380485134,1.0
