block,duration_seconds
load,0.0022476599997389712
fit,0.006627607000154967
write,1.0100029612658545e-07
validate,0.006934920000276179
