block,duration_seconds
load,0.004271421999874292
fit,7.937800000945572e-05
write,0.004102667000097426
