block,duration_seconds
load,0.0023076810000475234
fit,0.005513014999905863
write,1.7000002117129043e-07
validate,0.006631921000007424
