block,duration_seconds
load,0.0021794440000348914
fit,0.005813375999991877
write,2.200000039920269e-07
validate,0.006715473000042493
