block,duration_seconds
load,0.0022775150000597932
fit,0.005556758000011541
write,1.7999991541728377e-07
validate,0.006475090000094497
