block,duration_seconds
load,0.002221110999926168
fit,0.005601521000016874
write,2.9099987841618713e-07
validate,0.006450593999943521
