block,duration_seconds
load,0.0026217210001959756
fit,0.006839934999788966
write,1.1000020094797947e-07
validate,0.0073035710001931875
