block,duration_seconds
load,0.002208127000130844
fit,0.005790294000007634
write,2.6099996830453165e-07
validate,0.0065714899999420595
