block,duration_seconds
load,0.002265829000066333
fit,0.005848721999996087
write,1.6000001323845936e-07
validate,0.0064846920000718455
