block,duration_seconds
load,0.004058524999891233
fit,9.364500010633492e-05
write,0.003914915999757795
