model,chi2,AIC,AICc,BIC,N,k,dof,chi2_Hz,chi2_DESI_DR2_BAO,chi2_fsigma8,chi2_CMB_shift,H0,Om,OL,Ob_h2,sigma8,w,w0,wa,Os0,zt,wt
LCDM_joint_real,84.48241222580135,94.48241222580135,95.51689498442204,105.27682764259971,64,5,59,19.430741008634875,20.575030662200746,23.630658522602975,20.845982032362752,60.0,0.37541381103514887,0.9771327179758683,0.026,0.6147302831680962,nan,nan,nan,nan,nan,nan
wCDM_joint_real,83.71037717797158,95.71037717797158,97.1840613884979,108.66367567812961,64,6,58,19.365634730204704,17.48883027438094,22.797439542715814,24.058472630670114,60.0,0.3740141812825024,0.9497249070259529,0.026,0.6151824032688435,-0.9725236468940587,nan,nan,nan,nan,nan
CPL_w0waCDM_joint_real,62.071708706289364,76.07170870628937,78.07170870628937,91.18389028980707,64,7,57,19.220020703366146,12.082522240097463,18.87551935235649,11.893646410469268,60.0,0.364109717761877,0.684511268689338,0.024058480593615865,0.6226074269985636,nan,-0.3,-1.835701089847297,nan,nan,nan
RLL_joint_real,84.48241222572261,100.48241222572261,103.10059404390444,117.75347689259999,64,8,56,19.43074096832219,20.575029041552828,23.630658584576636,20.84598363127095,60.0,0.3754138109513542,0.9771327214966472,0.026,0.6147304340494005,nan,nan,nan,0.0,0.48913585347939664,0.5725207843474277
