model,chi2,AIC,BIC,N,k,dof,chi2_Hz,chi2_DESI_DR2_BAO,chi2_fsigma8,chi2_CMB_shift,H0,Om,OL,Os0,zt,wt,Ob_h2,sigma8
LCDM_joint_real,82.91624704223676,92.91624704223676,103.71066245903512,64,5,59,19.713549449611268,24.38662516557451,23.26424920531354,15.551823221737429,60.0,0.3779151346048469,0.9615405103473186,nan,nan,nan,0.026,0.611203735757336
RLL_joint_real,256.0005236651908,272.0005236651908,289.2715883320682,64,8,56,111.2716896145343,41.27474388332092,73.18321486196484,30.270875305370794,66.5568409004156,0.2471745953233254,0.6204620946476802,0.0035490361923275738,6.798102506266104,0.7376085236096501,0.018,0.7415758287968826
