model,chi2,AIC,BIC,N,k,dof,chi2_Hz,chi2_DESI_DR2_BAO,chi2_fsigma8,chi2_CMB_shift,H0,Om,OL,Os0,zt,wt,Ob_h2,sigma8
LCDM_joint_real,60.19347484652296,70.19347484652296,80.23014077268532,55,5,50,19.677042750942213,23.833676592586894,0.5582522850653563,16.1245032179285,60.0,0.3776063614523331,0.9633660179610464,nan,nan,nan,0.026,0.8198545975937243
RLL_joint_real,60.193474842099846,76.19347484209985,92.25214032395962,55,8,47,19.67705448672934,23.83385713180576,0.5582555037316894,16.124307719833052,60.0,0.3776064559692,0.9633654133967567,0.0,9.943784298125786,0.06201788456172794,0.026,0.8198543366590417
