{
  "seed": 42,
  "generated_at_utc": "2026-07-11T15:12:07.803995Z",
  "generated_covariance": false,
  "datasets": {
    "Hz.csv": {
      "z_range": [
        0.1,
        2.0
      ],
      "sigma_range": [
        3.188354695775299,
        4.951244703273511
      ],
      "rows": 8
    },
    "fsigma8.csv": {
      "z_range": [
        0.1,
        2.0
      ],
      "sigma_range": [
        0.03191451768312526,
        0.059120940731847094
      ],
      "rows": 7
    }
  },
  "covariance_generated": false
}