{
  "best_omega": 0.7601800900450226,
  "fap": 1.0,
  "amplitude": 0.0303867748424517,
  "omega_fit": 0.777863270720922,
  "phi_fit": 0.6346080969772807,
  "err_amplitude": 0.005236907358057205,
  "err_omega": 0.19043624256021072,
  "err_phi": 0.3233376142677126
}