{
  "omega_base": 0.9095842358945609,
  "omega_secondary": 0.7877230551665472,
  "A0": 0.02,
  "err_A0": 0.0032452357959588223,
  "err_omega": 0.041328155758448226,
  "snr_A0": 6.162880375258185
}