{
  "amplitude": 0.020008582453378318,
  "omega": 0.9095619524405507,
  "phase": 0.4003944553757954,
  "offset": -3.2280775179169396e-06,
  "rmse": 2.651550423419287e-07
}