{"chi2_lcdm": 594.982751153235, "chi2_rll": 568.2066994381303, "best_eps": -4.747316435058237, "winner": "RLL"}