{"chi2_lcdm": 102477.72366060034, "chi2_rll": 102579.24007184952, "delta": -101.5164112491766}