{
  "input": {
    "hz": "data/real/Hz_data_real.csv",
    "bao": "data/real/BAO_data_real.csv",
    "n_hz": 33,
    "n_bao": 10,
    "n_total": 43
  },
  "params": {
    "lcdm": {
      "H0": 67.4,
      "Omega_m": 0.315,
      "w0": -1.0,
      "wa": 0.0,
      "r_s": 147.0
    },
    "rll": {
      "H0": 67.4,
      "Omega_m": 0.315,
      "w0": -0.95,
      "wa": -0.2,
      "r_s": 147.0
    }
  },
  "metrics": {
    "chi2_hz_lcdm": 22.76412215721358,
    "chi2_hz_rll": 21.902419509904686,
    "chi2_bao_lcdm": 121.58420409981716,
    "chi2_bao_rll": 123.10550653126786,
    "chi2_lcdm": 144.34832625703075,
    "chi2_rll": 145.00792604117254,
    "delta_chi2": 0.6595997841417898,
    "aic_lcdm": 150.34832625703075,
    "aic_rll": 155.00792604117254,
    "bic_lcdm": 155.63192660411144,
    "bic_rll": 163.81392661964034
  }
}