{
  "metadata": {
    "fase": "FASE 19",
    "correcoes": [
      "rs_star_para_lA_CMB",
      "rd_numerico_BAO",
      "prior_bbn",
      "starts_bbn_ancorados",
      "cauda_analitica_z_high",
      "calibracao_rs_star_planck2018",
      "calibracao_rd_planck2018_G2"
    ],
    "status_epistemico": "[E] dupla calibra\u00e7\u00e3o Planck 2018 \u2014 G2 fechado",
    "rs_star_calib_Mpc": 0.1988165052796944,
    "rd_calib_Mpc": -3.6140351832091824,
    "n_total": 1677
  },
  "calibracoes": {
    "rs_star": {
      "rs_star_raw_planck": 144.31232656767133,
      "rs_star_target": 144.51114307295103,
      "correcao_Mpc": 0.1988165052796944,
      "descricao": "chi\u00b2_CMB \u2248 0 em par\u00e2metros Planck 2018 (herdado FASE 18-E)"
    },
    "rd": {
      "rd_raw_planck": 150.70403518320919,
      "rd_alvo_planck": 147.09,
      "correcao_Mpc": -3.6140351832091824,
      "descricao": "rd(Planck 2018) = 147.09 Mpc [Planck VI arXiv:1807.06209 Tabela 2]",
      "zdrag_EH_planck": 1020.7294653687459,
      "zdrag_planck_true": 1059.0,
      "gap_token_vazio": "G2"
    }
  },
  "verificacao_planck": {
    "H0": 67.36,
    "om": 0.3153,
    "ob": 0.04931,
    "rd_calibrado_Mpc": 147.09,
    "rs_star_calibrado_Mpc": 144.51114307295103,
    "chi2_CMB": 0.021251269737585846
  },
  "prior_bbn": {
    "ob_h2_center": 0.02236,
    "ob_h2_sigma": 0.00015
  },
  "map_rll_6param": {
    "H0": 66.99741301326223,
    "om": 0.31391583427203934,
    "ob": 0.04962769858400398,
    "os0": 9.2464853304692e-17,
    "zt": 1.1041008274576871,
    "wt": 0.2896938419947729,
    "ol": 0.6859923657279605,
    "ob_h2": 0.022276153552518684,
    "z_drag_EH": 1020.3283696603157,
    "rd_calibrado_Mpc": 148.17946507393106,
    "rs_star_calibrado_Mpc": 145.5482267589403,
    "chi2_total": 772.542638028019,
    "chi2_breakdown": {
      "moresco_hz": 23.310018462816302,
      "bao_historico": 5.514251562821506,
      "desi_dr2": 28.479076308967546,
      "pantheon_sn": 713.8113077463181,
      "cmb_shift": 1.1155294246405991,
      "prior_bbn": 0.31245452245499555
    }
  },
  "map_lcdm_3param": {
    "H0": 66.99741325462045,
    "om": 0.3139158345276456,
    "ob": 0.049627698280685494,
    "ob_h2": 0.022276153576869243,
    "rd_calibrado_Mpc": 148.1794644645269,
    "rs_star_calibrado_Mpc": 145.54822617669103,
    "chi2_total": 772.5426380280156
  },
  "comparacao_modelos": {
    "delta_chi2": 3.410605131648481e-12,
    "delta_aic": 6.000000000003411,
    "delta_bic": 22.274285285472956,
    "ln_B10": -11.137142642736478,
    "k_rll": 6,
    "k_lcdm": 3,
    "n_dados": 1677,
    "fase18e_referencia": {
      "delta_chi2": -17.44,
      "delta_aic": -11.44,
      "delta_bic": 4.84,
      "ln_B10": -2.42
    }
  },
  "profile_likelihood": [
    {
      "os0": 0.0,
      "zt": 0.5,
      "chi2": 772.5426380280152,
      "H0": 66.99741358251921,
      "om": 0.3139158340376187
    },
    {
      "os0": 0.0,
      "zt": 1.0,
      "chi2": 772.5426380280152,
      "H0": 66.99741358251921,
      "om": 0.3139158340376187
    },
    {
      "os0": 0.0,
      "zt": 1.5,
      "chi2": 772.5426380280152,
      "H0": 66.99741358251921,
      "om": 0.3139158340376187
    },
    {
      "os0": 0.0,
      "zt": 2.5,
      "chi2": 772.5426380280152,
      "H0": 66.99741358251921,
      "om": 0.3139158340376187
    },
    {
      "os0": 0.0,
      "zt": 3.5,
      "chi2": 772.5426380280152,
      "H0": 66.99741358251921,
      "om": 0.3139158340376187
    },
    {
      "os0": 0.003,
      "zt": 0.5,
      "chi2": 782.276774869999,
      "H0": 66.87668508796084,
      "om": 0.312830787152993
    },
    {
      "os0": 0.003,
      "zt": 1.0,
      "chi2": 775.4946869159022,
      "H0": 66.950200919878,
      "om": 0.3132943424005613
    },
    {
      "os0": 0.003,
      "zt": 1.5,
      "chi2": 775.4946869159127,
      "H0": 66.9502001904162,
      "om": 0.31329434332351075
    },
    {
      "os0": 0.003,
      "zt": 2.5,
      "chi2": 775.4946869158916,
      "H0": 66.95020077591354,
      "om": 0.3132943429271394
    },
    {
      "os0": 0.003,
      "zt": 3.5,
      "chi2": 784.9991010918827,
      "H0": 66.83233742437139,
      "om": 0.31464663787855957
    },
    {
      "os0": 0.01,
      "zt": 0.5,
      "chi2": 789.0254823615403,
      "H0": 66.84311268476272,
      "om": 0.31186639877912503
    },
    {
      "os0": 0.01,
      "zt": 1.0,
      "chi2": 789.0254823616442,
      "H0": 66.84311505371014,
      "om": 0.31186639861663035
    },
    {
      "os0": 0.01,
      "zt": 1.5,
      "chi2": 789.0254823615834,
      "H0": 66.84311456198012,
      "om": 0.3118663980452497
    },
    {
      "os0": 0.01,
      "zt": 2.5,
      "chi2": 789.0254823615105,
      "H0": 66.84311338925825,
      "om": 0.31186639743741057
    },
    {
      "os0": 0.01,
      "zt": 3.5,
      "chi2": 828.7843749811725,
      "H0": 66.44581640865268,
      "om": 0.31646251627017313
    },
    {
      "os0": 0.03,
      "zt": 0.5,
      "chi2": 877.5948291335272,
      "H0": 66.56044418796638,
      "om": 0.30795381666139354
    },
    {
      "os0": 0.03,
      "zt": 1.0,
      "chi2": 877.5948291333491,
      "H0": 66.56044625428036,
      "om": 0.30795381907442043
    },
    {
      "os0": 0.03,
      "zt": 1.5,
      "chi2": 877.5948291332664,
      "H0": 66.56044430973353,
      "om": 0.3079538216247818
    },
    {
      "os0": 0.03,
      "zt": 2.5,
      "chi2": 877.5948291334354,
      "H0": 66.56044294179694,
      "om": 0.3079538222146072
    },
    {
      "os0": 0.03,
      "zt": 3.5,
      "chi2": 1052.8365794924484,
      "H0": 65.3329244488,
      "om": 0.3224293497431032
    },
    {
      "os0": 0.1,
      "zt": 0.5,
      "chi2": 1627.0766729783597,
      "H0": 61.49846682982761,
      "om": 0.32435877090294435
    },
    {
      "os0": 0.1,
      "zt": 1.0,
      "chi2": 1626.9264908606617,
      "H0": 61.498315187593136,
      "om": 0.3243867458518114
    },
    {
      "os0": 0.1,
      "zt": 1.5,
      "chi2": 1626.776197587965,
      "H0": 61.49829709471146,
      "om": 0.32441545309379455
    },
    {
      "os0": 0.1,
      "zt": 2.5,
      "chi2": 2941.3548297821426,
      "H0": 60.200822842457214,
      "om": 0.332959628504272
    },
    {
      "os0": 0.1,
      "zt": 3.5,
      "chi2": 2584.7290134471114,
      "H0": 60.984749719940055,
      "om": 0.3494752281271999
    }
  ],
  "profile_summary": [
    {
      "os0": 0.0,
      "chi2_min": 772.5426380280152,
      "delta_chi2": 0.0,
      "zt_opt": 0.5,
      "H0_opt": 66.99741358251921,
      "om_opt": 0.3139158340376187
    },
    {
      "os0": 0.003,
      "chi2_min": 775.4946869158916,
      "delta_chi2": 2.952048887876458,
      "zt_opt": 2.5,
      "H0_opt": 66.95020077591354,
      "om_opt": 0.3132943429271394
    },
    {
      "os0": 0.01,
      "chi2_min": 789.0254823615105,
      "delta_chi2": 16.482844333495336,
      "zt_opt": 2.5,
      "H0_opt": 66.84311338925825,
      "om_opt": 0.31186639743741057
    },
    {
      "os0": 0.03,
      "chi2_min": 877.5948291332664,
      "delta_chi2": 105.05219110525127,
      "zt_opt": 1.5,
      "H0_opt": 66.56044430973353,
      "om_opt": 0.3079538216247818
    },
    {
      "os0": 0.1,
      "chi2_min": 1626.776197587965,
      "delta_chi2": 854.2335595599499,
      "zt_opt": 1.5,
      "H0_opt": 61.49829709471146,
      "om_opt": 0.32441545309379455
    }
  ]
}