{
  "metadata": {
    "fase": "FASE 20",
    "gaps_fechados": [
      "G1 (MCMC joint)",
      "G3 (Bayes Factor formal)"
    ],
    "calibracao": {
      "rs_star_calib_Mpc": 0.1988165052796944,
      "rd_calib_Mpc": -3.6140351832091824
    },
    "n_total": 1677
  },
  "mcmc_g1": {
    "nwalkers": 32,
    "nsteps": 1500,
    "burn": 400,
    "acceptance_fraction": 0.3769166666666667,
    "autocorr_time": [
      67.3621025556907,
      75.23424981127948,
      66.9436570232335,
      81.789741306718,
      97.8295880297415,
      99.49921025822981
    ],
    "posteriors": {
      "H0": {
        "mean": 66.89662043032884,
        "std": 0.7207512218325837,
        "p16": 66.19060343033262,
        "p50": 66.91206411013107,
        "p84": 67.60957935148873,
        "p95": 68.06477300210125
      },
      "om": {
        "mean": 0.3143746952449269,
        "std": 0.0010832580547666599,
        "p16": 0.31330467931076467,
        "p50": 0.3143737438750228,
        "p84": 0.31545460506200823,
        "p95": 0.3161426663860157
      },
      "ob": {
        "mean": 0.049798276368180995,
        "std": 0.0011106038983874028,
        "p16": 0.04869974235996949,
        "p50": 0.04976687466865405,
        "p84": 0.05088383508910884,
        "p95": 0.05170639964985667
      },
      "os0": {
        "mean": 0.0005722653892687908,
        "std": 0.0005687621953669175,
        "p16": 8.716311512024224e-05,
        "p50": 0.00038622387613297394,
        "p84": 0.0011058411332202263,
        "p95": 0.0017772301590821408
      },
      "zt": {
        "mean": 11.100703006674221,
        "std": 5.504382088562849,
        "p16": 4.66286267051499,
        "p50": 11.543124778298418,
        "p84": 17.311977300960994,
        "p95": 19.132569100031887
      },
      "wt": {
        "mean": 1.0177609039997741,
        "std": 0.5693494536050148,
        "p16": 0.359995648579384,
        "p50": 1.0026330131420487,
        "p84": 1.706122076162061,
        "p95": 1.9156498275984744
      }
    },
    "os0_upper95": 0.0017772301590821408,
    "os0_median": 0.00038622387613297394,
    "os0_mean": 0.0005722653892687908,
    "os0_std": 0.0005687621953669175
  },
  "nested_g3": {
    "nlive": 150,
    "logZ_rll": -404.34028649723075,
    "logZ_rll_err": 0.5299056817115321,
    "logZ_lcdm": -398.15007573481137,
    "logZ_lcdm_err": 0.4429460223145894,
    "lnB10": -6.190210762419383,
    "lnB10_err": 0.6906527421175422,
    "jeffreys_scale": "|ln(B\u2081\u2080)| > 5: evid\u00eancia muito forte para \u039bCDM",
    "prior_volume_ratio": "RLL/\u039bCDM = V_RLL/V_\u039bCDM (6D/3D priors)"
  },
  "fase19_referencia": {
    "delta_bic": 22.27,
    "lnB10_approx": -11.14,
    "os0_map": 0.0
  }
}