{
  "input": {
    "hz": "data/real/Hz_data_real.csv",
    "n_hz": 33
  },
  "params": {
    "lcdm": {
      "H0": 67.4,
      "Omega_m": 0.315,
      "w0": -1.0,
      "wa": 0.0
    },
    "rll": {
      "H0": 67.4,
      "Omega_m": 0.315,
      "w0": -0.95,
      "wa": -0.2
    }
  },
  "metrics": {
    "chi2_lcdm": 22.76412215721358,
    "chi2_rll": 21.902419509904682,
    "delta_chi2": -0.8617026473088991,
    "aic_lcdm": 26.76412215721358,
    "aic_rll": 29.902419509904682,
    "bic_lcdm": 29.75713728014654,
    "bic_rll": 35.8884497557706
  }
}